Province_State,Country_Region,Total Cases
Alabama,US,19790
Alabama,US,69860
Alabama,US,7485
Alabama,US,8091
Alabama,US,18704
Alabama,US,3030
Alabama,US,6551
Alabama,US,41421
Alabama,US,10859
Alabama,US,6755
Alabama,US,13009
Alabama,US,2259
Alabama,US,8553
Alabama,US,5162
Alabama,US,4428
Alabama,US,17185
Alabama,US,21291
Alabama,US,3604
Alabama,US,3776
Alabama,US,11804
Alabama,US,4738
Alabama,US,31520
Alabama,US,16507
Alabama,US,11031
Alabama,US,22522
Alabama,US,29837
Alabama,US,12367
Alabama,US,34229
Alabama,US,5887
Alabama,US,12033
Alabama,US,7969
Alabama,US,2309
Alabama,US,5728
Alabama,US,5866
Alabama,US,32660
Alabama,US,18379
Alabama,US,238727
Alabama,US,4737
Alabama,US,30406
Alabama,US,9389
Alabama,US,47646
Alabama,US,32150
Alabama,US,3370
Alabama,US,5293
Alabama,US,116086
Alabama,US,6093
Alabama,US,10113
Alabama,US,32967
Alabama,US,134986
Alabama,US,6742
Alabama,US,73840
Alabama,US,46540
Alabama,US,0
Alabama,US,2673
Alabama,US,6339
Alabama,US,9264
Alabama,US,6527
Alabama,US,13030
Alabama,US,78112
Alabama,US,33302
Alabama,US,3176
Alabama,US,28602
Alabama,US,14611
Alabama,US,70976
Alabama,US,0
Alabama,US,24154
Alabama,US,4397
Alabama,US,3659
Alabama,US,9427
Alaska,US,1332
Alaska,US,2003
Alaska,US,124334
Alaska,US,13021
Alaska,US,0
Alaska,US,1240
Alaska,US,2407
Alaska,US,1326
Alaska,US,1803
Alaska,US,2271
Alaska,US,33699
Alaska,US,798
Alaska,US,0
Alaska,US,11995
Alaska,US,22694
Alaska,US,5148
Alaska,US,5899
Alaska,US,4952
Alaska,US,40792
Alaska,US,7617
Alaska,US,5532
Alaska,US,5794
Alaska,US,0
Alaska,US,940
Alaska,US,1848
Alaska,US,3521
Alaska,US,675
Alaska,US,2482
Alaska,US,6
Alaska,US,0
Alaska,US,786
Alaska,US,983
Alaska,US,1757
American Samoa,US,8320
Arizona,US,36336
Arizona,US,39086
Arizona,US,52821
Arizona,US,21401
Arizona,US,14101
Arizona,US,2717
Arizona,US,5950
Arizona,US,1530296
Arizona,US,67291
Arizona,US,48374
Arizona,US,0
Arizona,US,317052
Arizona,US,156974
Arizona,US,19628
Arizona,US,0
Arizona,US,60313
Arizona,US,71174
Arkansas,US,7009
Arkansas,US,6249
Arkansas,US,10722
Arkansas,US,77394
Arkansas,US,11277
Arkansas,US,3595
Arkansas,US,1194
Arkansas,US,7284
Arkansas,US,3126
Arkansas,US,6412
Arkansas,US,5146
Arkansas,US,8055
Arkansas,US,2677
Arkansas,US,6794
Arkansas,US,6606
Arkansas,US,47352
Arkansas,US,18657
Arkansas,US,16702
Arkansas,US,5745
Arkansas,US,2071
Arkansas,US,3656
Arkansas,US,5638
Arkansas,US,42997
Arkansas,US,4488
Arkansas,US,3108
Arkansas,US,27083
Arkansas,US,5252
Arkansas,US,19801
Arkansas,US,5638
Arkansas,US,13058
Arkansas,US,4657
Arkansas,US,12797
Arkansas,US,4712
Arkansas,US,7280
Arkansas,US,22364
Arkansas,US,8197
Arkansas,US,1507
Arkansas,US,6526
Arkansas,US,3344
Arkansas,US,5502
Arkansas,US,3888
Arkansas,US,6069
Arkansas,US,23994
Arkansas,US,4857
Arkansas,US,4100
Arkansas,US,11628
Arkansas,US,16411
Arkansas,US,2309
Arkansas,US,1770
Arkansas,US,2770
Arkansas,US,2051
Arkansas,US,6776
Arkansas,US,0
Arkansas,US,3017
Arkansas,US,5887
Arkansas,US,2964
Arkansas,US,10113
Arkansas,US,4652
Arkansas,US,20964
Arkansas,US,2416
Arkansas,US,127945
Arkansas,US,6456
Arkansas,US,37142
Arkansas,US,2852
Arkansas,US,2562
Arkansas,US,39338
Arkansas,US,7125
Arkansas,US,5714
Arkansas,US,8565
Arkansas,US,3702
Arkansas,US,33605
Arkansas,US,11292
Arkansas,US,4340
Arkansas,US,80947
Arkansas,US,27120
Arkansas,US,2274
Arkansas,US,7596
California,US,402160
California,US,143
California,US,11553
California,US,51967
California,US,9650
California,US,5346
California,US,295633
California,US,8405
California,US,39170
California,US,329460
California,US,7811
California,US,29324
California,US,88972
California,US,6072
California,US,310792
California,US,67356
California,US,14941
California,US,11319
California,US,3710586
California,US,55217
California,US,54908
California,US,4545
California,US,21739
California,US,89409
California,US,1327
California,US,3633
California,US,122120
California,US,35992
California,US,22495
California,US,788663
California,US,0
California,US,91376
California,US,4290
California,US,776620
California,US,409095
California,US,18800
California,US,745179
California,US,1067659
California,US,209846
California,US,227031
California,US,74632
California,US,194587
California,US,119952
California,US,497526
California,US,72428
California,US,44785
California,US,372
California,US,8908
California,US,122718
California,US,119546
California,US,168343
California,US,28309
California,US,17875
California,US,1981
California,US,168754
California,US,17914
California,US,4384
California,US,239184
California,US,54973
California,US,21924
Colorado,US,166371
Colorado,US,5953
Colorado,US,197066
Colorado,US,3534
Colorado,US,1027
Colorado,US,3004
Colorado,US,91179
Colorado,US,18376
Colorado,US,5662
Colorado,US,392
Colorado,US,1931
Colorado,US,2303
Colorado,US,961
Colorado,US,3558
Colorado,US,837
Colorado,US,7202
Colorado,US,224919
Colorado,US,424
Colorado,US,100968
Colorado,US,18833
Colorado,US,237195
Colorado,US,5836
Colorado,US,18767
Colorado,US,18041
Colorado,US,1171
Colorado,US,4053
Colorado,US,3970
Colorado,US,161
Colorado,US,1764
Colorado,US,195
Colorado,US,160677
Colorado,US,392
Colorado,US,1877
Colorado,US,15836
Colorado,US,2203
Colorado,US,109313
Colorado,US,4408
Colorado,US,2382
Colorado,US,8661
Colorado,US,51841
Colorado,US,303
Colorado,US,3738
Colorado,US,7673
Colorado,US,11179
Colorado,US,6973
Colorado,US,5320
Colorado,US,1118
Colorado,US,0
Colorado,US,3499
Colorado,US,1123
Colorado,US,8081
Colorado,US,3226
Colorado,US,61961
Colorado,US,2236
Colorado,US,3634
Colorado,US,7882
Colorado,US,1524
Colorado,US,316
Colorado,US,2713
Colorado,US,582
Colorado,US,12072
Colorado,US,5913
Colorado,US,261
Colorado,US,1262
Colorado,US,106227
Colorado,US,2342
Connecticut,US,264399
Connecticut,US,237105
Connecticut,US,41816
Connecticut,US,38840
Connecticut,US,257919
Connecticut,US,73980
Connecticut,US,0
Connecticut,US,27913
Connecticut,US,3271
Connecticut,US,31414
Delaware,US,64447
Delaware,US,186969
Delaware,US,0
Delaware,US,78267
Delaware,US,1110
Diamond Princess,US,49
District of Columbia,US,177945
District of Columbia,US,0
District of Columbia,US,0
Florida,US,89806
Florida,US,10746
Florida,US,56189
Florida,US,9245
Florida,US,175277
Florida,US,774980
Florida,US,4939
Florida,US,48860
Florida,US,39070
Florida,US,67269
Florida,US,106604
Florida,US,25731
Florida,US,11287
Florida,US,4938
Florida,US,319149
Florida,US,98081
Florida,US,29013
Florida,US,3580
Florida,US,17803
Florida,US,5663
Florida,US,2311
Florida,US,5043
Florida,US,4585
Florida,US,10362
Florida,US,13827
Florida,US,53794
Florida,US,30739
Florida,US,479640
Florida,US,6384
Florida,US,42698
Florida,US,18364
Florida,US,5046
Florida,US,3157
Florida,US,109346
Florida,US,243110
Florida,US,114380
Florida,US,12803
Florida,US,2997
Florida,US,7053
Florida,US,123507
Florida,US,105662
Florida,US,40724
Florida,US,1552197
Florida,US,22919
Florida,US,27713
Florida,US,62183
Florida,US,12495
Florida,US,475796
Florida,US,144497
Florida,US,0
Florida,US,481679
Florida,US,159816
Florida,US,277006
Florida,US,260300
Florida,US,21209
Florida,US,59416
Florida,US,122219
Florida,US,132095
Florida,US,78720
Florida,US,96060
Florida,US,30228
Florida,US,16028
Florida,US,8109
Florida,US,3307
Florida,US,5131
Florida,US,151166
Florida,US,12188
Florida,US,20605
Florida,US,7746
Georgia,US,5266
Georgia,US,2449
Georgia,US,4098
Georgia,US,654
Georgia,US,11199
Georgia,US,4586
Georgia,US,26052
Georgia,US,35396
Georgia,US,4991
Georgia,US,5876
Georgia,US,45403
Georgia,US,3938
Georgia,US,4689
Georgia,US,4061
Georgia,US,11203
Georgia,US,17869
Georgia,US,6296
Georgia,US,7680
Georgia,US,1571
Georgia,US,13653
Georgia,US,2581
Georgia,US,28396
Georgia,US,16998
Georgia,US,3485
Georgia,US,79653
Georgia,US,7924
Georgia,US,7581
Georgia,US,75790
Georgia,US,35334
Georgia,US,625
Georgia,US,77902
Georgia,US,2457
Georgia,US,216663
Georgia,US,11781
Georgia,US,13042
Georgia,US,43298
Georgia,US,5707
Georgia,US,41221
Georgia,US,2225
Georgia,US,5596
Georgia,US,3942
Georgia,US,8345
Georgia,US,192315
Georgia,US,8566
Georgia,US,5942
Georgia,US,2844
Georgia,US,24389
Georgia,US,43478
Georgia,US,3126
Georgia,US,1059
Georgia,US,16399
Georgia,US,5334
Georgia,US,6781
Georgia,US,2836
Georgia,US,5768
Georgia,US,29631
Georgia,US,32150
Georgia,US,66837
Georgia,US,6176
Georgia,US,276219
Georgia,US,8267
Georgia,US,727
Georgia,US,27259
Georgia,US,19761
Georgia,US,6835
Georgia,US,4758
Georgia,US,257462
Georgia,US,11488
Georgia,US,63629
Georgia,US,1945
Georgia,US,6292
Georgia,US,7114
Georgia,US,5609
Georgia,US,2583
Georgia,US,72008
Georgia,US,49515
Georgia,US,2226
Georgia,US,24990
Georgia,US,3797
Georgia,US,4357
Georgia,US,4238
Georgia,US,1789
Georgia,US,2645
Georgia,US,6040
Georgia,US,5842
Georgia,US,2698
Georgia,US,16454
Georgia,US,8668
Georgia,US,15774
Georgia,US,1838
Georgia,US,3479
Georgia,US,36984
Georgia,US,8941
Georgia,US,2737
Georgia,US,8025
Georgia,US,1872
Georgia,US,6165
Georgia,US,2857
Georgia,US,5576
Georgia,US,2033
Georgia,US,6277
Georgia,US,7074
Georgia,US,2329
Georgia,US,5534
Georgia,US,13523
Georgia,US,45908
Georgia,US,30775
Georgia,US,10559
Georgia,US,3758
Georgia,US,99220
Georgia,US,46667
Georgia,US,7951
Georgia,US,10130
Georgia,US,6431
Georgia,US,6495
Georgia,US,13752
Georgia,US,2699
Georgia,US,5270
Georgia,US,551
Georgia,US,4116
Georgia,US,1825
Georgia,US,60659
Georgia,US,23742
Georgia,US,1412
Georgia,US,3174
Georgia,US,2510
Georgia,US,19289
Georgia,US,7270
Georgia,US,3287
Georgia,US,8733
Georgia,US,1381
Georgia,US,337
Georgia,US,5725
Georgia,US,2440
Georgia,US,3520
Georgia,US,2547
Georgia,US,13776
Georgia,US,13823
Georgia,US,7999
Georgia,US,3085
Georgia,US,1882
Georgia,US,18779
Georgia,US,3186
Georgia,US,1852
Georgia,US,12410
Georgia,US,6138
Georgia,US,9619
Georgia,US,19976
Georgia,US,26614
Georgia,US,11350
Georgia,US,1291
Georgia,US,5134
Georgia,US,8867
Georgia,US,545
Georgia,US,1590
Georgia,US,8336
Georgia,US,39243
Georgia,US,2414
Georgia,US,2624
Georgia,US,2670
Georgia,US,5532
Grand Princess,US,103
Guam,US,61027
Hawaii,US,42594
Hawaii,US,264197
Hawaii,US,0
Hawaii,US,19155
Hawaii,US,45510
Hawaii,US,9152
Hawaii,US,0
Idaho,US,160373
Idaho,US,819
Idaho,US,24459
Idaho,US,1155
Idaho,US,2770
Idaho,US,11205
Idaho,US,7310
Idaho,US,1297
Idaho,US,10275
Idaho,US,35614
Idaho,US,2416
Idaho,US,555
Idaho,US,182
Idaho,US,70696
Idaho,US,1664
Idaho,US,5610
Idaho,US,118
Idaho,US,2693
Idaho,US,707
Idaho,US,9096
Idaho,US,2594
Idaho,US,2415
Idaho,US,4263
Idaho,US,3932
Idaho,US,3601
Idaho,US,6853
Idaho,US,7118
Idaho,US,47262
Idaho,US,7725
Idaho,US,1796
Idaho,US,1406
Idaho,US,1300
Idaho,US,13800
Idaho,US,4821
Idaho,US,10618
Idaho,US,956
Idaho,US,0
Idaho,US,2613
Idaho,US,6793
Idaho,US,1660
Idaho,US,3119
Idaho,US,2937
Idaho,US,28733
Idaho,US,0
Idaho,US,3146
Idaho,US,2645
Illinois,US,27974
Illinois,US,1574
Illinois,US,5310
Illinois,US,17550
Illinois,US,2873
Illinois,US,10275
Illinois,US,1900
Illinois,US,5022
Illinois,US,5620
Illinois,US,86054
Illinois,US,13026
Illinois,US,5933
Illinois,US,5921
Illinois,US,14392
Illinois,US,18977
Illinois,US,1533935
Illinois,US,7889
Illinois,US,4004
Illinois,US,5211
Illinois,US,32553
Illinois,US,7943
Illinois,US,289813
Illinois,US,6660
Illinois,US,2125
Illinois,US,12823
Illinois,US,8753
Illinois,US,5516
Illinois,US,15422
Illinois,US,12788
Illinois,US,1850
Illinois,US,4281
Illinois,US,16326
Illinois,US,2668
Illinois,US,5396
Illinois,US,1447
Illinois,US,1576
Illinois,US,15932
Illinois,US,8886
Illinois,US,20182
Illinois,US,3224
Illinois,US,13589
Illinois,US,7873
Illinois,US,5182
Illinois,US,5572
Illinois,US,166146
Illinois,US,36784
Illinois,US,41814
Illinois,US,16232
Illinois,US,37187
Illinois,US,210403
Illinois,US,6844
Illinois,US,11614
Illinois,US,13246
Illinois,US,12678
Illinois,US,40343
Illinois,US,16079
Illinois,US,87637
Illinois,US,14693
Illinois,US,3481
Illinois,US,4730
Illinois,US,4663
Illinois,US,9086
Illinois,US,98211
Illinois,US,64188
Illinois,US,4598
Illinois,US,4931
Illinois,US,11440
Illinois,US,12176
Illinois,US,12381
Illinois,US,4939
Illinois,US,17498
Illinois,US,3
Illinois,US,59913
Illinois,US,9157
Illinois,US,5584
Illinois,US,6159
Illinois,US,1266
Illinois,US,2057
Illinois,US,1421
Illinois,US,12948
Illinois,US,6317
Illinois,US,42574
Illinois,US,10361
Illinois,US,76600
Illinois,US,2474
Illinois,US,1575
Illinois,US,7605
Illinois,US,81204
Illinois,US,1891
Illinois,US,15058
Illinois,US,46151
Illinois,US,66
Illinois,US,6858
Illinois,US,35285
Illinois,US,4837
Illinois,US,5073
Illinois,US,4140
Illinois,US,6611
Illinois,US,5445
Illinois,US,19530
Illinois,US,216951
Illinois,US,28971
Illinois,US,100711
Illinois,US,12654
Indiana,US,8751
Indiana,US,124359
Indiana,US,26876
Indiana,US,2985
Indiana,US,3701
Indiana,US,17386
Indiana,US,2984
Indiana,US,4926
Indiana,US,14090
Indiana,US,41291
Indiana,US,8155
Indiana,US,10719
Indiana,US,3098
Indiana,US,9069
Indiana,US,13654
Indiana,US,16256
Indiana,US,8582
Indiana,US,30191
Indiana,US,15090
Indiana,US,61477
Indiana,US,8378
Indiana,US,24235
Indiana,US,6424
Indiana,US,5205
Indiana,US,5774
Indiana,US,14364
Indiana,US,21036
Indiana,US,9107
Indiana,US,96944
Indiana,US,25238
Indiana,US,13373
Indiana,US,47804
Indiana,US,16226
Indiana,US,30065
Indiana,US,14368
Indiana,US,15182
Indiana,US,11067
Indiana,US,5904
Indiana,US,11231
Indiana,US,8172
Indiana,US,51015
Indiana,US,14246
Indiana,US,22957
Indiana,US,6543
Indiana,US,31801
Indiana,US,134438
Indiana,US,14516
Indiana,US,39768
Indiana,US,268696
Indiana,US,14072
Indiana,US,2619
Indiana,US,10908
Indiana,US,34476
Indiana,US,12319
Indiana,US,19602
Indiana,US,3119
Indiana,US,15737
Indiana,US,1769
Indiana,US,5941
Indiana,US,0
Indiana,US,6907
Indiana,US,4345
Indiana,US,5883
Indiana,US,4497
Indiana,US,47697
Indiana,US,7909
Indiana,US,3538
Indiana,US,11196
Indiana,US,7013
Indiana,US,10091
Indiana,US,6084
Indiana,US,9473
Indiana,US,17143
Indiana,US,6156
Indiana,US,84866
Indiana,US,5626
Indiana,US,11487
Indiana,US,6403
Indiana,US,2663
Indiana,US,60936
Indiana,US,3996
Indiana,US,0
Indiana,US,2347
Indiana,US,70796
Indiana,US,4932
Indiana,US,35132
Indiana,US,10451
Indiana,US,2380
Indiana,US,24854
Indiana,US,7179
Indiana,US,23519
Indiana,US,7610
Indiana,US,8268
Indiana,US,11448
Iowa,US,1805
Iowa,US,938
Iowa,US,3248
Iowa,US,3432
Iowa,US,1311
Iowa,US,7244
Iowa,US,38980
Iowa,US,6535
Iowa,US,6386
Iowa,US,5539
Iowa,US,6988
Iowa,US,3817
Iowa,US,3072
Iowa,US,5680
Iowa,US,3333
Iowa,US,5035
Iowa,US,12769
Iowa,US,3581
Iowa,US,3163
Iowa,US,2701
Iowa,US,4843
Iowa,US,4033
Iowa,US,13865
Iowa,US,5064
Iowa,US,26870
Iowa,US,1825
Iowa,US,1847
Iowa,US,4777
Iowa,US,11291
Iowa,US,4742
Iowa,US,31008
Iowa,US,2698
Iowa,US,4959
Iowa,US,4184
Iowa,US,2960
Iowa,US,1641
Iowa,US,2051
Iowa,US,3055
Iowa,US,2773
Iowa,US,3998
Iowa,US,3287
Iowa,US,5070
Iowa,US,3846
Iowa,US,6516
Iowa,US,2312
Iowa,US,3073
Iowa,US,2148
Iowa,US,4332
Iowa,US,5537
Iowa,US,10453
Iowa,US,4424
Iowa,US,44987
Iowa,US,6467
Iowa,US,2479
Iowa,US,4362
Iowa,US,9232
Iowa,US,64756
Iowa,US,2949
Iowa,US,2186
Iowa,US,3164
Iowa,US,3704
Iowa,US,5800
Iowa,US,8910
Iowa,US,11469
Iowa,US,4004
Iowa,US,2839
Iowa,US,2091
Iowa,US,2200
Iowa,US,2596
Iowa,US,11265
Iowa,US,3887
Iowa,US,1575
Iowa,US,0
Iowa,US,3845
Iowa,US,2416
Iowa,US,7174
Iowa,US,1942
Iowa,US,147524
Iowa,US,27969
Iowa,US,4672
Iowa,US,1318
Iowa,US,2888
Iowa,US,49015
Iowa,US,3178
Iowa,US,8987
Iowa,US,23335
Iowa,US,4671
Iowa,US,1535
Iowa,US,0
Iowa,US,3186
Iowa,US,1699
Iowa,US,10439
Iowa,US,14506
Iowa,US,6822
Iowa,US,1520
Iowa,US,12112
Iowa,US,3466
Iowa,US,4503
Iowa,US,33209
Iowa,US,2048
Iowa,US,4051
Kansas,US,5127
Kansas,US,2585
Kansas,US,5063
Kansas,US,1234
Kansas,US,7689
Kansas,US,5619
Kansas,US,3159
Kansas,US,22573
Kansas,US,798
Kansas,US,1000
Kansas,US,7447
Kansas,US,733
Kansas,US,609
Kansas,US,2452
Kansas,US,2672
Kansas,US,2833
Kansas,US,548
Kansas,US,12437
Kansas,US,15195
Kansas,US,790
Kansas,US,5906
Kansas,US,2850
Kansas,US,34368
Kansas,US,679
Kansas,US,699
Kansas,US,8442
Kansas,US,2461
Kansas,US,13435
Kansas,US,12512
Kansas,US,8235
Kansas,US,11418
Kansas,US,967
Kansas,US,757
Kansas,US,2800
Kansas,US,1429
Kansas,US,391
Kansas,US,2222
Kansas,US,553
Kansas,US,1920
Kansas,US,11960
Kansas,US,1137
Kansas,US,509
Kansas,US,4640
Kansas,US,5764
Kansas,US,954
Kansas,US,178296
Kansas,US,1381
Kansas,US,2341
Kansas,US,775
Kansas,US,7991
Kansas,US,370
Kansas,US,24249
Kansas,US,740
Kansas,US,3490
Kansas,US,1021
Kansas,US,12076
Kansas,US,4032
Kansas,US,2962
Kansas,US,9609
Kansas,US,1439
Kansas,US,9651
Kansas,US,1759
Kansas,US,10986
Kansas,US,1769
Kansas,US,742
Kansas,US,3796
Kansas,US,6105
Kansas,US,907
Kansas,US,2457
Kansas,US,4894
Kansas,US,1012
Kansas,US,1453
Kansas,US,0
Kansas,US,2614
Kansas,US,1691
Kansas,US,7110
Kansas,US,2281
Kansas,US,805
Kansas,US,22806
Kansas,US,1551
Kansas,US,3082
Kansas,US,16451
Kansas,US,1581
Kansas,US,965
Kansas,US,2155
Kansas,US,17109
Kansas,US,1577
Kansas,US,171398
Kansas,US,8510
Kansas,US,60744
Kansas,US,902
Kansas,US,1812
Kansas,US,839
Kansas,US,1401
Kansas,US,530
Kansas,US,1923
Kansas,US,6649
Kansas,US,3022
Kansas,US,947
Kansas,US,0
Kansas,US,1996
Kansas,US,488
Kansas,US,1633
Kansas,US,598
Kansas,US,3456
Kansas,US,1036
Kansas,US,54648
Kentucky,US,7849
Kentucky,US,8543
Kentucky,US,8514
Kentucky,US,1751
Kentucky,US,17377
Kentucky,US,4665
Kentucky,US,11175
Kentucky,US,47400
Kentucky,US,7822
Kentucky,US,22965
Kentucky,US,11447
Kentucky,US,2761
Kentucky,US,5402
Kentucky,US,6698
Kentucky,US,29211
Kentucky,US,4769
Kentucky,US,5085
Kentucky,US,11819
Kentucky,US,30220
Kentucky,US,1357
Kentucky,US,4334
Kentucky,US,12062
Kentucky,US,5400
Kentucky,US,20166
Kentucky,US,14559
Kentucky,US,9744
Kentucky,US,4788
Kentucky,US,2850
Kentucky,US,2776
Kentucky,US,38888
Kentucky,US,3299
Kentucky,US,3701
Kentucky,US,5308
Kentucky,US,123211
Kentucky,US,4992
Kentucky,US,16967
Kentucky,US,18619
Kentucky,US,1483
Kentucky,US,2809
Kentucky,US,6043
Kentucky,US,9998
Kentucky,US,13675
Kentucky,US,10071
Kentucky,US,4849
Kentucky,US,16837
Kentucky,US,3156
Kentucky,US,43810
Kentucky,US,12843
Kentucky,US,8537
Kentucky,US,6908
Kentucky,US,17694
Kentucky,US,6406
Kentucky,US,1109
Kentucky,US,19791
Kentucky,US,5233
Kentucky,US,283708
Kentucky,US,19158
Kentucky,US,9104
Kentucky,US,54205
Kentucky,US,6088
Kentucky,US,15023
Kentucky,US,4832
Kentucky,US,27059
Kentucky,US,5560
Kentucky,US,3512
Kentucky,US,5226
Kentucky,US,9862
Kentucky,US,5767
Kentucky,US,8936
Kentucky,US,3104
Kentucky,US,10360
Kentucky,US,3623
Kentucky,US,35555
Kentucky,US,5149
Kentucky,US,8059
Kentucky,US,10265
Kentucky,US,4235
Kentucky,US,6323
Kentucky,US,23983
Kentucky,US,7724
Kentucky,US,3347
Kentucky,US,7499
Kentucky,US,2376
Kentucky,US,9476
Kentucky,US,3739
Kentucky,US,4508
Kentucky,US,11391
Kentucky,US,6747
Kentucky,US,13325
Kentucky,US,19282
Kentucky,US,2726
Kentucky,US,8965
Kentucky,US,23729
Kentucky,US,0
Kentucky,US,3129
Kentucky,US,2098
Kentucky,US,4384
Kentucky,US,16035
Kentucky,US,25198
Kentucky,US,6503
Kentucky,US,22161
Kentucky,US,879
Kentucky,US,6680
Kentucky,US,9819
Kentucky,US,8412
Kentucky,US,22918
Kentucky,US,16931
Kentucky,US,7547
Kentucky,US,7089
Kentucky,US,11868
Kentucky,US,3570
Kentucky,US,5128
Kentucky,US,2761
Kentucky,US,2504
Kentucky,US,5532
Kentucky,US,55374
Kentucky,US,5103
Kentucky,US,8354
Kentucky,US,4920
Kentucky,US,17191
Kentucky,US,3577
Kentucky,US,9530
Louisiana,US,18944
Louisiana,US,9060
Louisiana,US,45368
Louisiana,US,6803
Louisiana,US,14381
Louisiana,US,11209
Louisiana,US,5002
Louisiana,US,51124
Louisiana,US,88694
Louisiana,US,68184
Louisiana,US,4607
Louisiana,US,1387
Louisiana,US,3141
Louisiana,US,4113
Louisiana,US,6468
Louisiana,US,9787
Louisiana,US,144599
Louisiana,US,3349
Louisiana,US,8365
Louisiana,US,10224
Louisiana,US,8879
Louisiana,US,7541
Louisiana,US,23908
Louisiana,US,11668
Louisiana,US,5604
Louisiana,US,142493
Louisiana,US,8197
Louisiana,US,5091
Louisiana,US,79177
Louisiana,US,35001
Louisiana,US,15460
Louisiana,US,47327
Louisiana,US,3940
Louisiana,US,8513
Louisiana,US,13037
Louisiana,US,114250
Louisiana,US,64890
Louisiana,US,0
Louisiana,US,7939
Louisiana,US,7975
Louisiana,US,42728
Louisiana,US,2577
Louisiana,US,9019
Louisiana,US,8030
Louisiana,US,14458
Louisiana,US,17250
Louisiana,US,2276
Louisiana,US,7351
Louisiana,US,13287
Louisiana,US,27848
Louisiana,US,15850
Louisiana,US,15309
Louisiana,US,91451
Louisiana,US,45249
Louisiana,US,1334
Louisiana,US,38963
Louisiana,US,1242
Louisiana,US,8802
Louisiana,US,19103
Louisiana,US,11781
Louisiana,US,16287
Louisiana,US,14458
Louisiana,US,9676
Louisiana,US,4853
Louisiana,US,3364
Louisiana,US,5565
Maine,US,28509
Maine,US,18328
Maine,US,66462
Maine,US,7323
Maine,US,10199
Maine,US,30176
Maine,US,8147
Maine,US,6944
Maine,US,0
Maine,US,14603
Maine,US,37661
Maine,US,3929
Maine,US,7034
Maine,US,12972
Maine,US,1
Maine,US,8086
Maine,US,5748
Maine,US,52008
Maryland,US,21731
Maryland,US,119808
Maryland,US,172399
Maryland,US,149524
Maryland,US,14785
Maryland,US,7330
Maryland,US,28133
Maryland,US,20355
Maryland,US,38706
Maryland,US,9556
Maryland,US,58504
Maryland,US,7197
Maryland,US,50109
Maryland,US,64177
Maryland,US,3953
Maryland,US,245966
Maryland,US,0
Maryland,US,229478
Maryland,US,8845
Maryland,US,6190
Maryland,US,24582
Maryland,US,7234
Maryland,US,0
Maryland,US,40989
Maryland,US,24868
Maryland,US,10878
Massachusetts,US,49617
Massachusetts,US,35456
Massachusetts,US,182344
Massachusetts,US,0
Massachusetts,US,8316
Massachusetts,US,256987
Massachusetts,US,14736
Massachusetts,US,172065
Massachusetts,US,39721
Massachusetts,US,437431
Massachusetts,US,0
Massachusetts,US,173673
Massachusetts,US,0
Massachusetts,US,143587
Massachusetts,US,268158
Massachusetts,US,201538
Massachusetts,US,240708
Michigan,US,1933
Michigan,US,2125
Michigan,US,32211
Michigan,US,6584
Michigan,US,5281
Michigan,US,3914
Michigan,US,2613
Michigan,US,16986
Michigan,US,31763
Michigan,US,4143
Michigan,US,42080
Michigan,US,13520
Michigan,US,42622
Michigan,US,13133
Michigan,US,5871
Michigan,US,5802
Michigan,US,10283
Michigan,US,8182
Michigan,US,28166
Michigan,US,3200
Michigan,US,12472
Michigan,US,9390
Michigan,US,35077
Michigan,US,7617
Michigan,US,329
Michigan,US,125355
Michigan,US,6802
Michigan,US,4306
Michigan,US,21552
Michigan,US,13048
Michigan,US,12764
Michigan,US,9587
Michigan,US,9757
Michigan,US,84928
Michigan,US,20016
Michigan,US,5696
Michigan,US,3614
Michigan,US,17995
Michigan,US,50425
Michigan,US,75822
Michigan,US,4512
Michigan,US,201888
Michigan,US,664
Michigan,US,2471
Michigan,US,24350
Michigan,US,4441
Michigan,US,30950
Michigan,US,58293
Michigan,US,1676
Michigan,US,2997
Michigan,US,300709
Michigan,US,4865
Michigan,US,19376
Michigan,US,8357
Michigan,US,10312
Michigan,US,7183
Michigan,US,42516
Michigan,US,23527
Michigan,US,3591
Michigan,US,48415
Michigan,US,17949
Michigan,US,1998
Michigan,US,48751
Michigan,US,13711
Michigan,US,385029
Michigan,US,7754
Michigan,US,5082
Michigan,US,1344
Michigan,US,6012
Michigan,US,1696
Michigan,US,6790
Michigan,US,87973
Michigan,US,9333
Michigan,US,2383
Michigan,US,5630
Michigan,US,61110
Michigan,US,10617
Michigan,US,2234
Michigan,US,22230
Michigan,US,50560
Michigan,US,16096
Michigan,US,15728
Michigan,US,29
Michigan,US,20826
Michigan,US,109512
Michigan,US,537017
Michigan,US,8674
Minnesota,US,3702
Minnesota,US,119415
Minnesota,US,10509
Minnesota,US,14406
Minnesota,US,17064
Minnesota,US,1781
Minnesota,US,21404
Minnesota,US,7995
Minnesota,US,11461
Minnesota,US,32053
Minnesota,US,8642
Minnesota,US,3828
Minnesota,US,17290
Minnesota,US,23726
Minnesota,US,2543
Minnesota,US,826
Minnesota,US,3796
Minnesota,US,19391
Minnesota,US,137144
Minnesota,US,6739
Minnesota,US,13432
Minnesota,US,4474
Minnesota,US,5885
Minnesota,US,10580
Minnesota,US,15617
Minnesota,US,1822
Minnesota,US,386090
Minnesota,US,5497
Minnesota,US,6122
Minnesota,US,11756
Minnesota,US,13638
Minnesota,US,2675
Minnesota,US,4362
Minnesota,US,15945
Minnesota,US,1253
Minnesota,US,3717
Minnesota,US,2201
Minnesota,US,2651
Minnesota,US,927
Minnesota,US,7498
Minnesota,US,1520
Minnesota,US,8301
Minnesota,US,2190
Minnesota,US,2530
Minnesota,US,6695
Minnesota,US,13049
Minnesota,US,7209
Minnesota,US,8464
Minnesota,US,11179
Minnesota,US,13867
Minnesota,US,2401
Minnesota,US,9889
Minnesota,US,8185
Minnesota,US,1801
Minnesota,US,53171
Minnesota,US,16465
Minnesota,US,0
Minnesota,US,4333
Minnesota,US,8584
Minnesota,US,2408
Minnesota,US,10695
Minnesota,US,3984
Minnesota,US,159678
Minnesota,US,1071
Minnesota,US,4785
Minnesota,US,4573
Minnesota,US,20749
Minnesota,US,2788
Minnesota,US,5066
Minnesota,US,48027
Minnesota,US,31981
Minnesota,US,4257
Minnesota,US,60656
Minnesota,US,61649
Minnesota,US,12045
Minnesota,US,3314
Minnesota,US,2726
Minnesota,US,8475
Minnesota,US,1047
Minnesota,US,896
Minnesota,US,6678
Minnesota,US,5241
Minnesota,US,6373
Minnesota,US,82684
Minnesota,US,3458
Minnesota,US,1951
Minnesota,US,15942
Minnesota,US,42819
Minnesota,US,3160
Mississippi,US,8590
Mississippi,US,12815
Mississippi,US,3885
Mississippi,US,6811
Mississippi,US,2819
Mississippi,US,11630
Mississippi,US,5590
Mississippi,US,3088
Mississippi,US,7015
Mississippi,US,2901
Mississippi,US,2565
Mississippi,US,4890
Mississippi,US,6224
Mississippi,US,8205
Mississippi,US,9238
Mississippi,US,8683
Mississippi,US,61488
Mississippi,US,27523
Mississippi,US,2368
Mississippi,US,8780
Mississippi,US,3897
Mississippi,US,6443
Mississippi,US,14973
Mississippi,US,66104
Mississippi,US,68037
Mississippi,US,5247
Mississippi,US,2397
Mississippi,US,307
Mississippi,US,9449
Mississippi,US,45938
Mississippi,US,6153
Mississippi,US,1791
Mississippi,US,3669
Mississippi,US,26502
Mississippi,US,2648
Mississippi,US,18938
Mississippi,US,22073
Mississippi,US,22120
Mississippi,US,4566
Mississippi,US,7703
Mississippi,US,34009
Mississippi,US,8667
Mississippi,US,10505
Mississippi,US,21310
Mississippi,US,31893
Mississippi,US,8795
Mississippi,US,12052
Mississippi,US,13798
Mississippi,US,3702
Mississippi,US,12873
Mississippi,US,7137
Mississippi,US,3635
Mississippi,US,13773
Mississippi,US,0
Mississippi,US,12443
Mississippi,US,17821
Mississippi,US,3754
Mississippi,US,12832
Mississippi,US,12842
Mississippi,US,10252
Mississippi,US,1835
Mississippi,US,47012
Mississippi,US,7887
Mississippi,US,1169
Mississippi,US,8673
Mississippi,US,5063
Mississippi,US,6731
Mississippi,US,7106
Mississippi,US,3888
Mississippi,US,8703
Mississippi,US,8946
Mississippi,US,7721
Mississippi,US,3057
Mississippi,US,0
Mississippi,US,11645
Mississippi,US,4689
Mississippi,US,12825
Mississippi,US,13015
Mississippi,US,6967
Mississippi,US,4069
Mississippi,US,1943
Mississippi,US,6747
Mississippi,US,4831
Mississippi,US,10078
Missouri,US,6722
Missouri,US,5665
Missouri,US,1815
Missouri,US,6866
Missouri,US,7963
Missouri,US,3371
Missouri,US,4457
Missouri,US,5499
Missouri,US,3260
Missouri,US,53197
Missouri,US,29734
Missouri,US,12433
Missouri,US,2076
Missouri,US,14439
Missouri,US,10881
Missouri,US,23434
Missouri,US,2691
Missouri,US,1761
Missouri,US,30193
Missouri,US,3751
Missouri,US,1996
Missouri,US,24975
Missouri,US,1922
Missouri,US,33549
Missouri,US,5749
Missouri,US,24120
Missouri,US,4792
Missouri,US,6579
Missouri,US,1815
Missouri,US,4697
Missouri,US,2027
Missouri,US,2551
Missouri,US,3966
Missouri,US,3059
Missouri,US,9718
Missouri,US,31433
Missouri,US,4094
Missouri,US,2690
Missouri,US,84976
Missouri,US,3140
Missouri,US,2465
Missouri,US,7064
Missouri,US,2408
Missouri,US,1314
Missouri,US,2972
Missouri,US,10995
Missouri,US,2695
Missouri,US,121175
Missouri,US,40835
Missouri,US,67882
Missouri,US,14723
Missouri,US,139772
Missouri,US,1189
Missouri,US,9621
Missouri,US,9250
Missouri,US,9297
Missouri,US,3365
Missouri,US,18483
Missouri,US,3167
Missouri,US,4454
Missouri,US,4264
Missouri,US,4264
Missouri,US,1966
Missouri,US,9802
Missouri,US,6205
Missouri,US,903
Missouri,US,7090
Missouri,US,4425
Missouri,US,4386
Missouri,US,2509
Missouri,US,3116
Missouri,US,4920
Missouri,US,6109
Missouri,US,13831
Missouri,US,7218
Missouri,US,2432
Missouri,US,3793
Missouri,US,0
Missouri,US,2035
Missouri,US,3800
Missouri,US,6336
Missouri,US,14937
Missouri,US,12903
Missouri,US,5220
Missouri,US,12814
Missouri,US,9932
Missouri,US,10785
Missouri,US,1177
Missouri,US,2948
Missouri,US,7202
Missouri,US,6208
Missouri,US,1392
Missouri,US,3194
Missouri,US,7228
Missouri,US,896
Missouri,US,839
Missouri,US,13875
Missouri,US,1916
Missouri,US,2075
Missouri,US,119652
Missouri,US,2618
Missouri,US,23553
Missouri,US,294789
Missouri,US,76241
Missouri,US,4846
Missouri,US,7191
Missouri,US,6942
Missouri,US,2048
Missouri,US,16064
Missouri,US,5677
Missouri,US,0
Missouri,US,6150
Missouri,US,9926
Missouri,US,7086
Missouri,US,2979
Missouri,US,10347
Missouri,US,559
Missouri,US,4585
Montana,US,2469
Montana,US,5861
Montana,US,2590
Montana,US,1545
Montana,US,2465
Montana,US,291
Montana,US,30042
Montana,US,1360
Montana,US,3518
Montana,US,485
Montana,US,2767
Montana,US,3255
Montana,US,798
Montana,US,2966
Montana,US,33849
Montana,US,41596
Montana,US,251
Montana,US,4730
Montana,US,178
Montana,US,672
Montana,US,5400
Montana,US,3149
Montana,US,283
Montana,US,8334
Montana,US,21851
Montana,US,528
Montana,US,5632
Montana,US,2392
Montana,US,452
Montana,US,597
Montana,US,1367
Montana,US,34011
Montana,US,1107
Montana,US,0
Montana,US,5132
Montana,US,45
Montana,US,1146
Montana,US,1477
Montana,US,418
Montana,US,2218
Montana,US,292
Montana,US,8512
Montana,US,3014
Montana,US,4013
Montana,US,3112
Montana,US,2435
Montana,US,917
Montana,US,9930
Montana,US,1731
Montana,US,911
Montana,US,1539
Montana,US,1411
Montana,US,148
Montana,US,0
Montana,US,2164
Montana,US,459
Montana,US,246
Montana,US,51325
Nebraska,US,7830
Nebraska,US,1295
Nebraska,US,34
Nebraska,US,104
Nebraska,US,76
Nebraska,US,1285
Nebraska,US,2524
Nebraska,US,485
Nebraska,US,655
Nebraska,US,14323
Nebraska,US,1546
Nebraska,US,2320
Nebraska,US,7291
Nebraska,US,1759
Nebraska,US,891
Nebraska,US,637
Nebraska,US,2403
Nebraska,US,1740
Nebraska,US,2972
Nebraska,US,2046
Nebraska,US,2397
Nebraska,US,7991
Nebraska,US,1512
Nebraska,US,5975
Nebraska,US,360
Nebraska,US,1405
Nebraska,US,12048
Nebraska,US,179702
Nebraska,US,410
Nebraska,US,1319
Nebraska,US,509
Nebraska,US,621
Nebraska,US,1327
Nebraska,US,4614
Nebraska,US,486
Nebraska,US,469
Nebraska,US,452
Nebraska,US,114
Nebraska,US,470
Nebraska,US,19550
Nebraska,US,2851
Nebraska,US,395
Nebraska,US,109
Nebraska,US,636
Nebraska,US,2615
Nebraska,US,129
Nebraska,US,1341
Nebraska,US,1434
Nebraska,US,945
Nebraska,US,1422
Nebraska,US,1796
Nebraska,US,136
Nebraska,US,832
Nebraska,US,1969
Nebraska,US,94771
Nebraska,US,10809
Nebraska,US,164
Nebraska,US,92
Nebraska,US,11571
Nebraska,US,77
Nebraska,US,2076
Nebraska,US,1351
Nebraska,US,898
Nebraska,US,1597
Nebraska,US,1104
Nebraska,US,3903
Nebraska,US,0
Nebraska,US,520
Nebraska,US,579
Nebraska,US,2783
Nebraska,US,1541
Nebraska,US,10382
Nebraska,US,1382
Nebraska,US,2707
Nebraska,US,2285
Nebraska,US,194
Nebraska,US,4452
Nebraska,US,58879
Nebraska,US,5594
Nebraska,US,11443
Nebraska,US,3759
Nebraska,US,1145
Nebraska,US,688
Nebraska,US,82
Nebraska,US,757
Nebraska,US,1298
Nebraska,US,113
Nebraska,US,2146
Nebraska,US,1502
Nebraska,US,875
Nebraska,US,5492
Nebraska,US,2142
Nebraska,US,851
Nebraska,US,139
Nebraska,US,4726
Nevada,US,17441
Nevada,US,7624
Nevada,US,671243
Nevada,US,8816
Nevada,US,12918
Nevada,US,124
Nevada,US,191
Nevada,US,2791
Nevada,US,1350
Nevada,US,681
Nevada,US,12266
Nevada,US,1503
Nevada,US,9156
Nevada,US,0
Nevada,US,2361
Nevada,US,197
Nevada,US,11506
Nevada,US,128178
Nevada,US,1776
New Hampshire,US,17508
New Hampshire,US,12304
New Hampshire,US,19089
New Hampshire,US,8341
New Hampshire,US,23354
New Hampshire,US,121573
New Hampshire,US,40280
New Hampshire,US,0
New Hampshire,US,84642
New Hampshire,US,37116
New Hampshire,US,11891
New Hampshire,US,2330
New Jersey,US,91788
New Jersey,US,326525
New Jersey,US,141872
New Jersey,US,169517
New Jersey,US,30511
New Jersey,US,52840
New Jersey,US,291824
New Jersey,US,91632
New Jersey,US,238646
New Jersey,US,34702
New Jersey,US,111477
New Jersey,US,275803
New Jersey,US,223671
New Jersey,US,165862
New Jersey,US,215999
New Jersey,US,0
New Jersey,US,193557
New Jersey,US,18584
New Jersey,US,98247
New Jersey,US,45639
New Jersey,US,1646
New Jersey,US,196497
New Jersey,US,32145
New Mexico,US,197256
New Mexico,US,530
New Mexico,US,24728
New Mexico,US,9347
New Mexico,US,2806
New Mexico,US,15396
New Mexico,US,755
New Mexico,US,76839
New Mexico,US,19276
New Mexico,US,9894
New Mexico,US,1375
New Mexico,US,103
New Mexico,US,1339
New Mexico,US,22978
New Mexico,US,6600
New Mexico,US,4587
New Mexico,US,8014
New Mexico,US,33328
New Mexico,US,986
New Mexico,US,17130
New Mexico,US,0
New Mexico,US,2564
New Mexico,US,13353
New Mexico,US,6228
New Mexico,US,52461
New Mexico,US,7662
New Mexico,US,45050
New Mexico,US,40271
New Mexico,US,2495
New Mexico,US,4752
New Mexico,US,7287
New Mexico,US,3331
New Mexico,US,7215
New Mexico,US,933
New Mexico,US,24060
New York,US,79420
New York,US,10902
New York,US,553117
New York,US,59296
New York,US,19417
New York,US,20651
New York,US,29741
New York,US,26845
New York,US,11907
New York,US,22943
New York,US,14041
New York,US,13569
New York,US,10245
New York,US,85482
New York,US,271310
New York,US,7832
New York,US,12239
New York,US,16758
New York,US,16743
New York,US,11130
New York,US,1105
New York,US,17616
New York,US,27473
New York,US,963672
New York,US,7412
New York,US,14516
New York,US,16984
New York,US,193746
New York,US,15172
New York,US,550940
New York,US,596334
New York,US,60061
New York,US,69636
New York,US,143714
New York,US,26432
New York,US,146219
New York,US,10655
New York,US,34956
New York,US,13425
New York,US,0
New York,US,31777
New York,US,904779
New York,US,42135
New York,US,227585
New York,US,119199
New York,US,62003
New York,US,44064
New York,US,6647
New York,US,4364
New York,US,7754
New York,US,26587
New York,US,25561
New York,US,569776
New York,US,24840
New York,US,14190
New York,US,26871
New York,US,43566
New York,US,985
New York,US,19090
New York,US,16025
New York,US,22104
New York,US,336689
New York,US,10020
New York,US,4471
North Carolina,US,61903
North Carolina,US,12774
North Carolina,US,3767
North Carolina,US,8468
North Carolina,US,7621
North Carolina,US,5553
North Carolina,US,16121
North Carolina,US,5475
North Carolina,US,12133
North Carolina,US,41118
North Carolina,US,71015
North Carolina,US,32001
North Carolina,US,72323
North Carolina,US,30392
North Carolina,US,2207
North Carolina,US,18539
North Carolina,US,6639
North Carolina,US,60653
North Carolina,US,18211
North Carolina,US,8781
North Carolina,US,5296
North Carolina,US,3486
North Carolina,US,36816
North Carolina,US,19242
North Carolina,US,32145
North Carolina,US,116118
North Carolina,US,6320
North Carolina,US,10060
North Carolina,US,56254
North Carolina,US,14938
North Carolina,US,20962
North Carolina,US,103313
North Carolina,US,17608
North Carolina,US,125590
North Carolina,US,26480
North Carolina,US,81942
North Carolina,US,2457
North Carolina,US,2968
North Carolina,US,19634
North Carolina,US,7207
North Carolina,US,160748
North Carolina,US,18892
North Carolina,US,42805
North Carolina,US,17219
North Carolina,US,33308
North Carolina,US,6384
North Carolina,US,19537
North Carolina,US,1706
North Carolina,US,61898
North Carolina,US,12191
North Carolina,US,75853
North Carolina,US,2916
North Carolina,US,20141
North Carolina,US,20330
North Carolina,US,30371
North Carolina,US,9815
North Carolina,US,6307
North Carolina,US,7620
North Carolina,US,17360
North Carolina,US,368329
North Carolina,US,4779
North Carolina,US,9045
North Carolina,US,31722
North Carolina,US,32682
North Carolina,US,64577
North Carolina,US,5934
North Carolina,US,65255
North Carolina,US,39406
North Carolina,US,0
North Carolina,US,3471
North Carolina,US,10706
North Carolina,US,18749
North Carolina,US,3569
North Carolina,US,12184
North Carolina,US,67103
North Carolina,US,5049
North Carolina,US,44680
North Carolina,US,16470
North Carolina,US,52256
North Carolina,US,27690
North Carolina,US,51689
North Carolina,US,21683
North Carolina,US,23581
North Carolina,US,12892
North Carolina,US,24087
North Carolina,US,15641
North Carolina,US,28679
North Carolina,US,5021
North Carolina,US,8370
North Carolina,US,1228
North Carolina,US,0
North Carolina,US,79423
North Carolina,US,15882
North Carolina,US,391609
North Carolina,US,5862
North Carolina,US,3908
North Carolina,US,15101
North Carolina,US,42033
North Carolina,US,23073
North Carolina,US,27780
North Carolina,US,15174
North Carolina,US,6341
North Dakota,US,689
North Dakota,US,3601
North Dakota,US,2288
North Dakota,US,170
North Dakota,US,1887
North Dakota,US,932
North Dakota,US,491
North Dakota,US,41126
North Dakota,US,71291
North Dakota,US,975
North Dakota,US,1794
North Dakota,US,599
North Dakota,US,1198
North Dakota,US,896
North Dakota,US,840
North Dakota,US,1169
North Dakota,US,515
North Dakota,US,27002
North Dakota,US,556
North Dakota,US,678
North Dakota,US,957
North Dakota,US,597
North Dakota,US,1168
North Dakota,US,557
North Dakota,US,1576
North Dakota,US,896
North Dakota,US,3650
North Dakota,US,3182
North Dakota,US,2997
North Dakota,US,13245
North Dakota,US,3882
North Dakota,US,930
North Dakota,US,378
North Dakota,US,0
North Dakota,US,2396
North Dakota,US,1250
North Dakota,US,4354
North Dakota,US,1926
North Dakota,US,664
North Dakota,US,4803
North Dakota,US,7963
North Dakota,US,1310
North Dakota,US,345
North Dakota,US,1658
North Dakota,US,72
North Dakota,US,13816
North Dakota,US,436
North Dakota,US,8281
North Dakota,US,759
North Dakota,US,2491
North Dakota,US,0
North Dakota,US,4134
North Dakota,US,24090
North Dakota,US,1219
North Dakota,US,12271
Northern Mariana Islands,US,13666
Ohio,US,8909
Ohio,US,33974
Ohio,US,14914
Ohio,US,25902
Ohio,US,19996
Ohio,US,14299
Ohio,US,19256
Ohio,US,14169
Ohio,US,116682
Ohio,US,6332
Ohio,US,10797
Ohio,US,43582
Ohio,US,65558
Ohio,US,12831
Ohio,US,29780
Ohio,US,10094
Ohio,US,14216
Ohio,US,350654
Ohio,US,15106
Ohio,US,12408
Ohio,US,56138
Ohio,US,25021
Ohio,US,47453
Ohio,US,9405
Ohio,US,366781
Ohio,US,12628
Ohio,US,10502
Ohio,US,20552
Ohio,US,48477
Ohio,US,13659
Ohio,US,238207
Ohio,US,21443
Ohio,US,8837
Ohio,US,4144
Ohio,US,7901
Ohio,US,13505
Ohio,US,8642
Ohio,US,5859
Ohio,US,17989
Ohio,US,11837
Ohio,US,18813
Ohio,US,16550
Ohio,US,61985
Ohio,US,24462
Ohio,US,52928
Ohio,US,12777
Ohio,US,89885
Ohio,US,126129
Ohio,US,11605
Ohio,US,67576
Ohio,US,24520
Ohio,US,50941
Ohio,US,6419
Ohio,US,11372
Ohio,US,31994
Ohio,US,4247
Ohio,US,162583
Ohio,US,4123
Ohio,US,9404
Ohio,US,31774
Ohio,US,3911
Ohio,US,10862
Ohio,US,0
Ohio,US,5564
Ohio,US,10359
Ohio,US,21284
Ohio,US,9998
Ohio,US,44355
Ohio,US,11659
Ohio,US,9940
Ohio,US,39253
Ohio,US,25027
Ohio,US,17612
Ohio,US,27836
Ohio,US,15784
Ohio,US,13326
Ohio,US,98019
Ohio,US,143348
Ohio,US,52689
Ohio,US,25479
Ohio,US,0
Ohio,US,19949
Ohio,US,8157
Ohio,US,3697
Ohio,US,72639
Ohio,US,15502
Ohio,US,28587
Ohio,US,11940
Ohio,US,38658
Ohio,US,6692
Oklahoma,US,9855
Oklahoma,US,1885
Oklahoma,US,4723
Oklahoma,US,1185
Oklahoma,US,7303
Oklahoma,US,2931
Oklahoma,US,17397
Oklahoma,US,10214
Oklahoma,US,48385
Oklahoma,US,19415
Oklahoma,US,17565
Oklahoma,US,5068
Oklahoma,US,714
Oklahoma,US,100720
Oklahoma,US,2119
Oklahoma,US,39391
Oklahoma,US,1698
Oklahoma,US,6017
Oklahoma,US,22790
Oklahoma,US,9756
Oklahoma,US,13701
Oklahoma,US,1237
Oklahoma,US,1040
Oklahoma,US,18127
Oklahoma,US,8648
Oklahoma,US,17218
Oklahoma,US,1260
Oklahoma,US,1601
Oklahoma,US,904
Oklahoma,US,838
Oklahoma,US,3324
Oklahoma,US,3106
Oklahoma,US,8265
Oklahoma,US,1602
Oklahoma,US,3934
Oklahoma,US,15752
Oklahoma,US,4859
Oklahoma,US,2410
Oklahoma,US,2721
Oklahoma,US,15575
Oklahoma,US,9963
Oklahoma,US,13632
Oklahoma,US,3983
Oklahoma,US,2550
Oklahoma,US,5692
Oklahoma,US,13322
Oklahoma,US,14811
Oklahoma,US,9740
Oklahoma,US,5557
Oklahoma,US,5345
Oklahoma,US,24414
Oklahoma,US,3610
Oklahoma,US,3232
Oklahoma,US,4249
Oklahoma,US,245039
Oklahoma,US,11739
Oklahoma,US,13936
Oklahoma,US,11692
Oklahoma,US,0
Oklahoma,US,5072
Oklahoma,US,23351
Oklahoma,US,13876
Oklahoma,US,16719
Oklahoma,US,26892
Oklahoma,US,3278
Oklahoma,US,1117
Oklahoma,US,31643
Oklahoma,US,7783
Oklahoma,US,12951
Oklahoma,US,13523
Oklahoma,US,7045
Oklahoma,US,1828
Oklahoma,US,212876
Oklahoma,US,152
Oklahoma,US,27073
Oklahoma,US,15779
Oklahoma,US,3299
Oklahoma,US,2738
Oklahoma,US,6175
Oregon,US,3839
Oregon,US,22192
Oregon,US,84357
Oregon,US,6364
Oregon,US,10160
Oregon,US,14955
Oregon,US,7955
Oregon,US,4676
Oregon,US,61720
Oregon,US,26067
Oregon,US,324
Oregon,US,2251
Oregon,US,1972
Oregon,US,4681
Oregon,US,54594
Oregon,US,9056
Oregon,US,20978
Oregon,US,17950
Oregon,US,1653
Oregon,US,79852
Oregon,US,9333
Oregon,US,33388
Oregon,US,9721
Oregon,US,88351
Oregon,US,3404
Oregon,US,171526
Oregon,US,0
Oregon,US,20575
Oregon,US,390
Oregon,US,5031
Oregon,US,26508
Oregon,US,3
Oregon,US,5848
Oregon,US,1576
Oregon,US,6709
Oregon,US,122406
Oregon,US,303
Oregon,US,22896
Pennsylvania,US,31676
Pennsylvania,US,339976
Pennsylvania,US,18397
Pennsylvania,US,49038
Pennsylvania,US,12845
Pennsylvania,US,126969
Pennsylvania,US,35199
Pennsylvania,US,20762
Pennsylvania,US,156462
Pennsylvania,US,55245
Pennsylvania,US,43568
Pennsylvania,US,1035
Pennsylvania,US,20240
Pennsylvania,US,44220
Pennsylvania,US,117917
Pennsylvania,US,9927
Pennsylvania,US,24425
Pennsylvania,US,11183
Pennsylvania,US,19721
Pennsylvania,US,24932
Pennsylvania,US,63042
Pennsylvania,US,72651
Pennsylvania,US,141966
Pennsylvania,US,8605
Pennsylvania,US,72139
Pennsylvania,US,39057
Pennsylvania,US,2550
Pennsylvania,US,51643
Pennsylvania,US,5067
Pennsylvania,US,10696
Pennsylvania,US,13887
Pennsylvania,US,21937
Pennsylvania,US,11268
Pennsylvania,US,5742
Pennsylvania,US,59181
Pennsylvania,US,150890
Pennsylvania,US,23172
Pennsylvania,US,45680
Pennsylvania,US,111635
Pennsylvania,US,94872
Pennsylvania,US,35015
Pennsylvania,US,9809
Pennsylvania,US,28403
Pennsylvania,US,15166
Pennsylvania,US,48163
Pennsylvania,US,200208
Pennsylvania,US,5989
Pennsylvania,US,100150
Pennsylvania,US,28684
Pennsylvania,US,0
Pennsylvania,US,10451
Pennsylvania,US,394710
Pennsylvania,US,13435
Pennsylvania,US,3882
Pennsylvania,US,42680
Pennsylvania,US,9772
Pennsylvania,US,22271
Pennsylvania,US,1390
Pennsylvania,US,10136
Pennsylvania,US,10189
Pennsylvania,US,0
Pennsylvania,US,13563
Pennsylvania,US,13835
Pennsylvania,US,9754
Pennsylvania,US,63639
Pennsylvania,US,13364
Pennsylvania,US,99366
Pennsylvania,US,6563
Pennsylvania,US,147850
Puerto Rico,US,6873
Puerto Rico,US,12796
Puerto Rico,US,16396
Puerto Rico,US,8382
Puerto Rico,US,8444
Puerto Rico,US,8391
Puerto Rico,US,29855
Puerto Rico,US,5679
Puerto Rico,US,7631
Puerto Rico,US,9554
Puerto Rico,US,66656
Puerto Rico,US,14231
Puerto Rico,US,44456
Puerto Rico,US,11445
Puerto Rico,US,13002
Puerto Rico,US,51188
Puerto Rico,US,7355
Puerto Rico,US,14712
Puerto Rico,US,3256
Puerto Rico,US,5339
Puerto Rico,US,14325
Puerto Rico,US,11733
Puerto Rico,US,6058
Puerto Rico,US,12137
Puerto Rico,US,540
Puerto Rico,US,12356
Puerto Rico,US,9675
Puerto Rico,US,4760
Puerto Rico,US,3938
Puerto Rico,US,12231
Puerto Rico,US,5881
Puerto Rico,US,30371
Puerto Rico,US,14835
Puerto Rico,US,12064
Puerto Rico,US,5091
Puerto Rico,US,17357
Puerto Rico,US,14284
Puerto Rico,US,5642
Puerto Rico,US,14766
Puerto Rico,US,12948
Puerto Rico,US,6978
Puerto Rico,US,11260
Puerto Rico,US,2889
Puerto Rico,US,12316
Puerto Rico,US,5705
Puerto Rico,US,5221
Puerto Rico,US,12613
Puerto Rico,US,1620
Puerto Rico,US,3340
Puerto Rico,US,22561
Puerto Rico,US,13331
Puerto Rico,US,9268
Puerto Rico,US,7354
Puerto Rico,US,9769
Puerto Rico,US,6613
Puerto Rico,US,434
Puerto Rico,US,5801
Puerto Rico,US,5880
Puerto Rico,US,42065
Puerto Rico,US,9062
Puerto Rico,US,4406
Puerto Rico,US,14471
Puerto Rico,US,6516
Puerto Rico,US,8543
Puerto Rico,US,9243
Puerto Rico,US,101521
Puerto Rico,US,11965
Puerto Rico,US,13872
Puerto Rico,US,6709
Puerto Rico,US,21933
Puerto Rico,US,24623
Puerto Rico,US,19390
Puerto Rico,US,25651
Puerto Rico,US,8357
Puerto Rico,US,12092
Puerto Rico,US,20382
Puerto Rico,US,1800
Puerto Rico,US,7630
Puerto Rico,US,10310
Puerto Rico,US,11342
Rhode Island,US,17778
Rhode Island,US,64423
Rhode Island,US,26526
Rhode Island,US,0
Rhode Island,US,278748
Rhode Island,US,30145
Rhode Island,US,43077
South Carolina,US,7826
South Carolina,US,52428
South Carolina,US,2429
South Carolina,US,70200
South Carolina,US,4295
South Carolina,US,6803
South Carolina,US,54220
South Carolina,US,66396
South Carolina,US,3615
South Carolina,US,139282
South Carolina,US,18526
South Carolina,US,12714
South Carolina,US,14947
South Carolina,US,10814
South Carolina,US,11436
South Carolina,US,22359
South Carolina,US,11769
South Carolina,US,71341
South Carolina,US,8423
South Carolina,US,7690
South Carolina,US,50562
South Carolina,US,19822
South Carolina,US,207151
South Carolina,US,26923
South Carolina,US,6070
South Carolina,US,120997
South Carolina,US,7299
South Carolina,US,27965
South Carolina,US,31562
South Carolina,US,23072
South Carolina,US,5112
South Carolina,US,124164
South Carolina,US,10679
South Carolina,US,9949
South Carolina,US,2756
South Carolina,US,16493
South Carolina,US,29076
South Carolina,US,29721
South Carolina,US,0
South Carolina,US,54706
South Carolina,US,161232
South Carolina,US,4681
South Carolina,US,117410
South Carolina,US,35665
South Carolina,US,0
South Carolina,US,9971
South Carolina,US,10407
South Carolina,US,95610
South Dakota,US,899
South Dakota,US,5577
South Dakota,US,948
South Dakota,US,2569
South Dakota,US,9517
South Dakota,US,12185
South Dakota,US,1685
South Dakota,US,693
South Dakota,US,3252
South Dakota,US,306
South Dakota,US,3679
South Dakota,US,976
South Dakota,US,3951
South Dakota,US,10635
South Dakota,US,1196
South Dakota,US,2489
South Dakota,US,7083
South Dakota,US,1513
South Dakota,US,1200
South Dakota,US,3436
South Dakota,US,825
South Dakota,US,1069
South Dakota,US,2495
South Dakota,US,712
South Dakota,US,2425
South Dakota,US,1221
South Dakota,US,531
South Dakota,US,1806
South Dakota,US,679
South Dakota,US,744
South Dakota,US,222
South Dakota,US,5115
South Dakota,US,2041
South Dakota,US,361
South Dakota,US,745
South Dakota,US,488
South Dakota,US,195
South Dakota,US,1568
South Dakota,US,2635
South Dakota,US,7780
South Dakota,US,17489
South Dakota,US,1432
South Dakota,US,955
South Dakota,US,1502
South Dakota,US,534
South Dakota,US,8389
South Dakota,US,653
South Dakota,US,539
South Dakota,US,65212
South Dakota,US,1692
South Dakota,US,5060
South Dakota,US,0
South Dakota,US,38893
South Dakota,US,805
South Dakota,US,810
South Dakota,US,2853
South Dakota,US,675
South Dakota,US,1692
South Dakota,US,737
South Dakota,US,269
South Dakota,US,3914
South Dakota,US,1710
South Dakota,US,2292
South Dakota,US,0
South Dakota,US,4371
South Dakota,US,1498
South Dakota,US,6992
South Dakota,US,716
Tennessee,US,27983
Tennessee,US,18181
Tennessee,US,5711
Tennessee,US,5424
Tennessee,US,49483
Tennessee,US,39220
Tennessee,US,16089
Tennessee,US,5208
Tennessee,US,11688
Tennessee,US,21598
Tennessee,US,13207
Tennessee,US,7157
Tennessee,US,11258
Tennessee,US,2660
Tennessee,US,14862
Tennessee,US,21036
Tennessee,US,6534
Tennessee,US,19583
Tennessee,US,235552
Tennessee,US,7768
Tennessee,US,4571
Tennessee,US,20237
Tennessee,US,15767
Tennessee,US,14255
Tennessee,US,7098
Tennessee,US,16220
Tennessee,US,21964
Tennessee,US,11520
Tennessee,US,8299
Tennessee,US,28001
Tennessee,US,4642
Tennessee,US,24702
Tennessee,US,122069
Tennessee,US,2639
Tennessee,US,9533
Tennessee,US,10917
Tennessee,US,21720
Tennessee,US,8063
Tennessee,US,11166
Tennessee,US,10220
Tennessee,US,8560
Tennessee,US,3063
Tennessee,US,6156
Tennessee,US,3904
Tennessee,US,19808
Tennessee,US,6116
Tennessee,US,159870
Tennessee,US,3184
Tennessee,US,9432
Tennessee,US,16971
Tennessee,US,4164
Tennessee,US,11797
Tennessee,US,18847
Tennessee,US,10411
Tennessee,US,39819
Tennessee,US,11097
Tennessee,US,12736
Tennessee,US,35082
Tennessee,US,20057
Tennessee,US,9583
Tennessee,US,4175
Tennessee,US,18390
Tennessee,US,63699
Tennessee,US,2744
Tennessee,US,7856
Tennessee,US,13497
Tennessee,US,63194
Tennessee,US,8675
Tennessee,US,2810
Tennessee,US,2195
Tennessee,US,5650
Tennessee,US,29759
Tennessee,US,11818
Tennessee,US,19707
Tennessee,US,26090
Tennessee,US,117004
Tennessee,US,12228
Tennessee,US,5167
Tennessee,US,36653
Tennessee,US,293983
Tennessee,US,7332
Tennessee,US,3773
Tennessee,US,60331
Tennessee,US,65582
Tennessee,US,22044
Tennessee,US,4738
Tennessee,US,43303
Tennessee,US,6820
Tennessee,US,7006
Tennessee,US,2259
Tennessee,US,15830
Tennessee,US,49960
Tennessee,US,6886
Tennessee,US,11851
Tennessee,US,9884
Tennessee,US,76189
Tennessee,US,51586
Texas,US,10975
Texas,US,5093
Texas,US,17089
Texas,US,5550
Texas,US,2646
Texas,US,696
Texas,US,15748
Texas,US,7014
Texas,US,1763
Texas,US,4317
Texas,US,27354
Texas,US,937
Texas,US,9990
Texas,US,86419
Texas,US,698806
Texas,US,3221
Texas,US,124
Texas,US,4896
Texas,US,24695
Texas,US,117112
Texas,US,75241
Texas,US,1365
Texas,US,583
Texas,US,2083
Texas,US,15286
Texas,US,6131
Texas,US,13620
Texas,US,17753
Texas,US,7082
Texas,US,3508
Texas,US,135396
Texas,US,3600
Texas,US,1753
Texas,US,8936
Texas,US,2811
Texas,US,12877
Texas,US,9901
Texas,US,3056
Texas,US,2533
Texas,US,1040
Texas,US,1083
Texas,US,2090
Texas,US,276773
Texas,US,898
Texas,US,4592
Texas,US,43326
Texas,US,4047
Texas,US,1402
Texas,US,8575
Texas,US,21396
Texas,US,392
Texas,US,1555
Texas,US,1397
Texas,US,2311
Texas,US,558
Texas,US,2446
Texas,US,696583
Texas,US,3589
Texas,US,7311
Texas,US,5833
Texas,US,2070
Texas,US,224101
Texas,US,522
Texas,US,6204
Texas,US,1327
Texas,US,4364
Texas,US,3433
Texas,US,44146
Texas,US,584
Texas,US,256001
Texas,US,57881
Texas,US,10013
Texas,US,4498
Texas,US,8129
Texas,US,5504
Texas,US,736
Texas,US,2362
Texas,US,254
Texas,US,245946
Texas,US,2675
Texas,US,4320
Texas,US,6685
Texas,US,2403
Texas,US,120012
Texas,US,1506
Texas,US,6290
Texas,US,234
Texas,US,1567
Texas,US,5373
Texas,US,7119
Texas,US,31791
Texas,US,27227
Texas,US,10216
Texas,US,45756
Texas,US,8499
Texas,US,1310
Texas,US,2112
Texas,US,2337
Texas,US,650
Texas,US,14666
Texas,US,1275028
Texas,US,15858
Texas,US,1503
Texas,US,1133
Texas,US,78740
Texas,US,1482
Texas,US,18557
Texas,US,267945
Texas,US,10221
Texas,US,9445
Texas,US,15046
Texas,US,8749
Texas,US,5013
Texas,US,8056
Texas,US,1173
Texas,US,19874
Texas,US,7653
Texas,US,605
Texas,US,1667
Texas,US,3991
Texas,US,8235
Texas,US,278
Texas,US,63229
Texas,US,3805
Texas,US,14214
Texas,US,52246
Texas,US,5359
Texas,US,6403
Texas,US,42740
Texas,US,9830
Texas,US,104
Texas,US,223
Texas,US,11089
Texas,US,939
Texas,US,56
Texas,US,831
Texas,US,9297
Texas,US,656
Texas,US,2597
Texas,US,12051
Texas,US,5222
Texas,US,6392
Texas,US,4916
Texas,US,5254
Texas,US,4321
Texas,US,22288
Texas,US,6117
Texas,US,811
Texas,US,2427
Texas,US,5125
Texas,US,403
Texas,US,113683
Texas,US,1706
Texas,US,4330
Texas,US,2041
Texas,US,1412
Texas,US,1059
Texas,US,10324
Texas,US,24188
Texas,US,1957
Texas,US,75252
Texas,US,186
Texas,US,12177
Texas,US,658
Texas,US,48100
Texas,US,6024
Texas,US,1622
Texas,US,2122
Texas,US,5412
Texas,US,172263
Texas,US,6348
Texas,US,3028
Texas,US,325
Texas,US,15006
Texas,US,14507
Texas,US,1756
Texas,US,3569
Texas,US,119838
Texas,US,2674
Texas,US,650
Texas,US,17274
Texas,US,0
Texas,US,8074
Texas,US,5801
Texas,US,40456
Texas,US,2689
Texas,US,3642
Texas,US,9374
Texas,US,43535
Texas,US,1215
Texas,US,2274
Texas,US,29975
Texas,US,999
Texas,US,1023
Texas,US,2772
Texas,US,5644
Texas,US,2296
Texas,US,197
Texas,US,5392
Texas,US,31784
Texas,US,2756
Texas,US,12738
Texas,US,1536
Texas,US,1222
Texas,US,6750
Texas,US,14586
Texas,US,1503
Texas,US,601
Texas,US,6167
Texas,US,1101
Texas,US,5401
Texas,US,540
Texas,US,57251
Texas,US,2230
Texas,US,24248
Texas,US,2138
Texas,US,332
Texas,US,424
Texas,US,943
Texas,US,2690
Texas,US,687595
Texas,US,40969
Texas,US,141
Texas,US,2943
Texas,US,297
Texas,US,10313
Texas,US,41194
Texas,US,334125
Texas,US,3268
Texas,US,5192
Texas,US,101465
Texas,US,9110
Texas,US,963
Texas,US,11540
Texas,US,15879
Texas,US,12787
Texas,US,23239
Texas,US,22514
Texas,US,11642
Texas,US,3328
Texas,US,11037
Texas,US,111910
Texas,US,11597
Texas,US,1354
Texas,US,41356
Texas,US,4264
Texas,US,8775
Texas,US,170638
Texas,US,12865
Texas,US,2226
Texas,US,19687
Texas,US,9832
Texas,US,1648
Texas,US,4499
Texas,US,4522
Texas,US,4539
Utah,US,58205
Utah,US,0
Utah,US,0
Utah,US,0
Utah,US,0
Utah,US,22956
Utah,US,0
Utah,US,120040
Utah,US,0
Utah,US,0
Utah,US,0
Utah,US,0
Utah,US,0
Utah,US,0
Utah,US,0
Utah,US,0
Utah,US,0
Utah,US,0
Utah,US,0
Utah,US,0
Utah,US,410508
Utah,US,5149
Utah,US,0
Utah,US,0
Utah,US,11943
Utah,US,72559
Utah,US,15979
Utah,US,25075
Utah,US,14966
Utah,US,0
Utah,US,4843
Utah,US,226280
Utah,US,12224
Utah,US,0
Utah,US,0
Utah,US,0
Utah,US,89619
Vermont,US,6940
Vermont,US,12193
Vermont,US,6524
Vermont,US,39572
Vermont,US,1461
Vermont,US,11672
Vermont,US,1292
Vermont,US,4351
Vermont,US,5124
Vermont,US,7152
Vermont,US,0
Vermont,US,17030
Vermont,US,4445
Vermont,US,14223
Vermont,US,8915
Vermont,US,11724
Virgin Islands,US,24813
Virginia,US,9119
Virginia,US,25415
Virginia,US,45583
Virginia,US,4561
Virginia,US,3582
Virginia,US,9634
Virginia,US,5018
Virginia,US,66715
Virginia,US,24503
Virginia,US,1082
Virginia,US,22201
Virginia,US,2404
Virginia,US,9990
Virginia,US,6189
Virginia,US,4091
Virginia,US,6192
Virginia,US,4981
Virginia,US,2331
Virginia,US,17713
Virginia,US,9041
Virginia,US,9791
Virginia,US,1715
Virginia,US,3431
Virginia,US,12470
Virginia,US,64364
Virginia,US,100129
Virginia,US,3513
Virginia,US,6338
Virginia,US,1912
Virginia,US,1451
Virginia,US,14440
Virginia,US,1841
Virginia,US,14774
Virginia,US,4888
Virginia,US,7516
Virginia,US,1660
Virginia,US,2836
Virginia,US,261545
Virginia,US,2741
Virginia,US,3510
Virginia,US,16629
Virginia,US,3719
Virginia,US,6902
Virginia,US,14138
Virginia,US,2681
Virginia,US,26744
Virginia,US,7248
Virginia,US,3293
Virginia,US,5280
Virginia,US,9649
Virginia,US,5779
Virginia,US,5656
Virginia,US,5087
Virginia,US,3908
Virginia,US,9666
Virginia,US,38739
Virginia,US,29106
Virginia,US,15289
Virginia,US,91424
Virginia,US,16061
Virginia,US,496
Virginia,US,7844
Virginia,US,9221
Virginia,US,21280
Virginia,US,6909
Virginia,US,4733
Virginia,US,1476
Virginia,US,2338
Virginia,US,8477
Virginia,US,2736
Virginia,US,97880
Virginia,US,8936
Virginia,US,3377
Virginia,US,24408
Virginia,US,3172
Virginia,US,11883
Virginia,US,4909
Virginia,US,4575
Virginia,US,2065
Virginia,US,7908
Virginia,US,2530
Virginia,US,25147
Virginia,US,3258
Virginia,US,5973
Virginia,US,49863
Virginia,US,54074
Virginia,US,2909
Virginia,US,2717
Virginia,US,1618
Virginia,US,5684
Virginia,US,9192
Virginia,US,0
Virginia,US,7068
Virginia,US,4991
Virginia,US,10239
Virginia,US,19155
Virginia,US,2983
Virginia,US,26689
Virginia,US,6387
Virginia,US,6813
Virginia,US,11593
Virginia,US,128090
Virginia,US,10977
Virginia,US,5204
Virginia,US,1374
Virginia,US,2922
Virginia,US,61627
Virginia,US,28387
Virginia,US,28360
Virginia,US,5195
Virginia,US,19153
Virginia,US,9531
Virginia,US,7305
Virginia,US,7697
Virginia,US,14037
Virginia,US,12097
Virginia,US,4502
Virginia,US,35404
Virginia,US,42180
Virginia,US,7855
Virginia,US,24459
Virginia,US,1433
Virginia,US,2926
Virginia,US,14063
Virginia,US,0
Virginia,US,115797
Virginia,US,11498
Virginia,US,18222
Virginia,US,7554
Virginia,US,4345
Virginia,US,2326
Virginia,US,8175
Virginia,US,13968
Virginia,US,9713
Virginia,US,13861
Washington,US,5647
Washington,US,5606
Washington,US,62042
Washington,US,24171
Washington,US,15809
Washington,US,111985
Washington,US,751
Washington,US,27341
Washington,US,13333
Washington,US,1825
Washington,US,36835
Washington,US,503
Washington,US,31652
Washington,US,20465
Washington,US,13800
Washington,US,4899
Washington,US,549865
Washington,US,52668
Washington,US,10399
Washington,US,4321
Washington,US,20865
Washington,US,2680
Washington,US,15817
Washington,US,10644
Washington,US,0
Washington,US,4853
Washington,US,2979
Washington,US,245455
Washington,US,1994
Washington,US,28814
Washington,US,1798
Washington,US,205341
Washington,US,154262
Washington,US,10107
Washington,US,63339
Washington,US,3297
Washington,US,640
Washington,US,19032
Washington,US,49230
Washington,US,10115
Washington,US,83734
West Virginia,US,5974
West Virginia,US,45181
West Virginia,US,8730
West Virginia,US,4995
West Virginia,US,6303
West Virginia,US,34011
West Virginia,US,2265
West Virginia,US,2717
West Virginia,US,2506
West Virginia,US,16797
West Virginia,US,2538
West Virginia,US,4824
West Virginia,US,12903
West Virginia,US,7326
West Virginia,US,8411
West Virginia,US,5726
West Virginia,US,26120
West Virginia,US,8807
West Virginia,US,18459
West Virginia,US,59239
West Virginia,US,6972
West Virginia,US,7288
West Virginia,US,12944
West Virginia,US,20364
West Virginia,US,11225
West Virginia,US,8945
West Virginia,US,7475
West Virginia,US,23430
West Virginia,US,10268
West Virginia,US,10010
West Virginia,US,31434
West Virginia,US,5911
West Virginia,US,5229
West Virginia,US,9376
West Virginia,US,13888
West Virginia,US,0
West Virginia,US,2361
West Virginia,US,2504
West Virginia,US,2571
West Virginia,US,11090
West Virginia,US,20885
West Virginia,US,30655
West Virginia,US,12101
West Virginia,US,3046
West Virginia,US,4510
West Virginia,US,3878
West Virginia,US,5961
West Virginia,US,2444
West Virginia,US,2729
West Virginia,US,904
West Virginia,US,8979
West Virginia,US,11718
West Virginia,US,2863
West Virginia,US,5466
West Virginia,US,1742
West Virginia,US,28053
West Virginia,US,9709
Wisconsin,US,5855
Wisconsin,US,4171
Wisconsin,US,16134
Wisconsin,US,4388
Wisconsin,US,103132
Wisconsin,US,4194
Wisconsin,US,5145
Wisconsin,US,16917
Wisconsin,US,22234
Wisconsin,US,9070
Wisconsin,US,19687
Wisconsin,US,5361
Wisconsin,US,179419
Wisconsin,US,33020
Wisconsin,US,8791
Wisconsin,US,14473
Wisconsin,US,15619
Wisconsin,US,36682
Wisconsin,US,1350
Wisconsin,US,39260
Wisconsin,US,3349
Wisconsin,US,15513
Wisconsin,US,11674
Wisconsin,US,6385
Wisconsin,US,6894
Wisconsin,US,1818
Wisconsin,US,6954
Wisconsin,US,26944
Wisconsin,US,9427
Wisconsin,US,56650
Wisconsin,US,6842
Wisconsin,US,43695
Wisconsin,US,4446
Wisconsin,US,6762
Wisconsin,US,9040
Wisconsin,US,25188
Wisconsin,US,49540
Wisconsin,US,14581
Wisconsin,US,4644
Wisconsin,US,2411
Wisconsin,US,341679
Wisconsin,US,14773
Wisconsin,US,13380
Wisconsin,US,10958
Wisconsin,US,0
Wisconsin,US,64645
Wisconsin,US,27875
Wisconsin,US,2307
Wisconsin,US,13517
Wisconsin,US,15166
Wisconsin,US,22890
Wisconsin,US,4090
Wisconsin,US,71350
Wisconsin,US,4995
Wisconsin,US,55399
Wisconsin,US,4189
Wisconsin,US,20998
Wisconsin,US,6060
Wisconsin,US,14345
Wisconsin,US,39446
Wisconsin,US,30696
Wisconsin,US,5796
Wisconsin,US,9970
Wisconsin,US,0
Wisconsin,US,7686
Wisconsin,US,6511
Wisconsin,US,33399
Wisconsin,US,5041
Wisconsin,US,46894
Wisconsin,US,139825
Wisconsin,US,16370
Wisconsin,US,7659
Wisconsin,US,63957
Wisconsin,US,27057
Wyoming,US,11581
Wyoming,US,3086
Wyoming,US,13903
Wyoming,US,5023
Wyoming,US,3686
Wyoming,US,1579
Wyoming,US,16863
Wyoming,US,4604
Wyoming,US,1440
Wyoming,US,2377
Wyoming,US,31608
Wyoming,US,4908
Wyoming,US,25821
Wyoming,US,863
Wyoming,US,0
Wyoming,US,7713
Wyoming,US,2299
Wyoming,US,10008
Wyoming,US,2316
Wyoming,US,12507
Wyoming,US,12134
Wyoming,US,6406
Wyoming,US,0
Wyoming,US,2755
Wyoming,US,1905
